Start,2019-03-15 10:03:26
0/1,2019-03-15 10:03:55
1/2,2019-03-15 10:04:42
2/3,2019-03-15 10:05:19
2/4,2019-03-15 10:05:56
2/5,2019-03-15 10:06:07
2/6,2019-03-15 10:06:24
2/7,2019-03-15 10:06:38
3/8,2019-03-15 10:07:17
3/9,2019-03-15 10:07:44
3/10,2019-03-15 10:08:14
4/11,2019-03-15 10:09:00
4/12,2019-03-15 10:09:21
4/13,2019-03-15 10:09:30
5/14,2019-03-15 10:10:07
6/15,2019-03-15 10:10:19
6/16,2019-03-15 10:10:40
7/17,2019-03-15 10:11:17
7/18,2019-03-15 10:12:08
7/19,2019-03-15 10:12:23
7/20,2019-03-15 10:12:41
7/21,2019-03-15 10:12:57
8/22,2019-03-15 10:13:30
8/23,2019-03-15 10:13:50
9/24,2019-03-15 10:14:19
9/25,2019-03-15 10:14:27
10/26,2019-03-15 10:15:00
10/27,2019-03-15 10:15:19
11/28,2019-03-15 10:15:35
11/29,2019-03-15 10:16:06
11/30,2019-03-15 10:16:46
11/31,2019-03-15 10:17:21
11/32,2019-03-15 10:17:44
12/33,2019-03-15 10:18:13
12/34,2019-03-15 10:18:26
13/35,2019-03-15 10:18:54
14/36,2019-03-15 10:19:27
14/37,2019-03-15 10:19:35
15/38,2019-03-15 10:19:58
16/39,2019-03-15 10:20:50
17/40,2019-03-15 10:21:17
17/41,2019-03-15 10:21:44
18/42,2019-03-15 10:22:08
18/43,2019-03-15 10:22:34
18/44,2019-03-15 10:22:49
18/45,2019-03-15 10:23:27
19/46,2019-03-15 10:24:02
19/47,2019-03-15 10:24:13
19/48,2019-03-15 10:24:22
19/49,2019-03-15 10:24:43
19/50,2019-03-15 10:25:15
19/51,2019-03-15 10:25:38
19/52,2019-03-15 10:26:28
20/53,2019-03-15 10:26:55
21/54,2019-03-15 10:27:12
21/55,2019-03-15 10:27:40
22/56,2019-03-15 10:28:13
22/57,2019-03-15 10:28:34
23/58,2019-03-15 10:30:02
23/59,2019-03-15 10:30:19
23/60,2019-03-15 10:30:34
24/61,2019-03-15 10:31:07
25/62,2019-03-15 10:31:23
25/63,2019-03-15 10:31:45
26/64,2019-03-15 10:32:04
26/65,2019-03-15 10:32:35
26/66,2019-03-15 10:32:50
26/67,2019-03-15 10:33:11
26/68,2019-03-15 10:33:44
27/69,2019-03-15 10:34:12
27/70,2019-03-15 10:34:29
27/71,2019-03-15 10:35:07
28/72,2019-03-15 10:36:07
29/73,2019-03-15 10:36:35
29/74,2019-03-15 10:37:08
29/75,2019-03-15 10:37:49
29/76,2019-03-15 10:37:58
29/77,2019-03-15 10:38:41
30/78,2019-03-15 10:38:56
31/79,2019-03-15 10:39:17
31/80,2019-03-15 10:39:23
32/81,2019-03-15 10:39:51
32/82,2019-03-15 10:40:04
32/83,2019-03-15 10:40:22
32/84,2019-03-15 10:40:48
32/85,2019-03-15 10:41:10
32/86,2019-03-15 10:41:49
33/87,2019-03-15 10:42:26
33/88,2019-03-15 10:43:01
33/89,2019-03-15 10:43:10
34/90,2019-03-15 10:43:50
34/91,2019-03-15 10:44:06
34/92,2019-03-15 10:44:33
35/93,2019-03-15 10:44:55
36/94,2019-03-15 10:45:34
36/95,2019-03-15 10:46:01
37/96,2019-03-15 10:47:49
38/97,2019-03-15 10:49:23
38/98,2019-03-15 10:49:51
38/99,2019-03-15 10:50:12
38/100,2019-03-15 10:50:23
39/101,2019-03-15 10:51:47
40/102,2019-03-15 10:52:10
40/103,2019-03-15 10:52:45
40/104,2019-03-15 10:53:14
41/105,2019-03-15 10:53:37
41/106,2019-03-15 10:53:48
42/107,2019-03-15 10:54:16
42/108,2019-03-15 10:54:48
43/109,2019-03-15 10:55:28
44/110,2019-03-15 10:55:56
44/111,2019-03-15 10:56:43
44/112,2019-03-15 10:56:57
44/113,2019-03-15 10:57:56
45/114,2019-03-15 10:58:29
45/115,2019-03-15 10:59:04
45/116,2019-03-15 10:59:20
45/117,2019-03-15 11:00:03
46/118,2019-03-15 11:00:36
46/119,2019-03-15 11:05:43
47/120,2019-03-15 11:12:55
48/121,2019-03-15 11:13:29
48/122,2019-03-15 11:13:54
48/123,2019-03-15 11:14:28
48/124,2019-03-15 11:14:57
48/125,2019-03-15 11:15:22
48/126,2019-03-15 11:16:28
48/127,2019-03-15 11:16:55
48/128,2019-03-15 11:17:12
49/129,2019-03-15 11:18:24
49/130,2019-03-15 11:18:50
50/131,2019-03-15 11:19:35
50/132,2019-03-15 11:20:23
51/133,2019-03-15 11:20:43
52/134,2019-03-15 11:22:25
52/135,2019-03-15 11:22:55
53/136,2019-03-15 11:23:16
54/137,2019-03-15 11:23:48
54/138,2019-03-15 11:24:31
54/139,2019-03-15 11:25:19
54/140,2019-03-15 11:25:39
55/141,2019-03-15 11:26:28
55/142,2019-03-15 11:26:51
55/143,2019-03-15 11:27:34
55/144,2019-03-15 11:28:11
55/145,2019-03-15 11:28:37
56/146,2019-03-15 11:29:10
57/147,2019-03-15 11:29:47
57/148,2019-03-15 11:30:28
57/149,2019-03-15 11:30:45
57/150,2019-03-15 11:30:55
58/151,2019-03-15 11:31:16
58/152,2019-03-15 11:31:40
59/153,2019-03-15 11:32:37
59/154,2019-03-15 11:32:50
59/155,2019-03-15 11:33:07
59/156,2019-03-15 11:33:38
59/157,2019-03-15 11:34:20
59/158,2019-03-15 11:35:28
59/159,2019-03-15 11:35:52
59/160,2019-03-15 11:36:30
59/161,2019-03-15 11:37:07
59/162,2019-03-15 11:37:39
60/163,2019-03-15 11:38:20
60/164,2019-03-15 11:38:39
61/165,2019-03-15 11:39:14
62/166,2019-03-15 11:39:53
62/167,2019-03-15 11:40:19
63/168,2019-03-15 11:40:56
63/169,2019-03-15 11:41:11
63/170,2019-03-15 11:41:51
63/171,2019-03-15 11:42:29
64/172,2019-03-15 11:43:08
64/173,2019-03-15 11:43:42
65/174,2019-03-15 11:44:42
66/175,2019-03-15 11:45:11
66/176,2019-03-15 11:45:28
66/177,2019-03-15 11:46:02
67/178,2019-03-15 11:47:09
68/179,2019-03-15 11:47:34
68/180,2019-03-15 11:47:59
68/181,2019-03-15 11:48:22
69/182,2019-03-15 11:48:51
69/183,2019-03-15 11:49:18
69/184,2019-03-15 11:49:38
69/185,2019-03-15 11:50:07
69/186,2019-03-15 11:50:55
69/187,2019-03-15 11:51:04
70/188,2019-03-15 11:51:23
70/189,2019-03-15 11:51:50
70/190,2019-03-15 11:52:13
70/191,2019-03-15 11:52:40
70/192,2019-03-15 11:53:05
70/193,2019-03-15 11:53:22
71/194,2019-03-15 11:54:10
72/195,2019-03-15 11:54:50
73/196,2019-03-15 11:55:32
73/197,2019-03-15 11:56:13
74/198,2019-03-15 11:56:47
74/199,2019-03-15 11:57:18
74/200,2019-03-15 11:57:49
75/201,2019-03-15 11:58:26
76/202,2019-03-15 11:59:14
77/203,2019-03-15 11:59:45
78/204,2019-03-15 12:00:20
78/205,2019-03-15 12:00:35
78/206,2019-03-15 12:00:50
79/207,2019-03-15 12:01:23
80/208,2019-03-15 12:02:17
80/209,2019-03-15 12:02:38
80/210,2019-03-15 12:03:24
80/211,2019-03-15 12:04:02
80/212,2019-03-15 12:04:27
80/213,2019-03-15 12:04:59
81/214,2019-03-15 12:05:24
82/215,2019-03-15 12:05:56
82/216,2019-03-15 12:06:36
82/217,2019-03-15 12:07:10
82/218,2019-03-15 12:07:25
82/219,2019-03-15 12:07:43
82/220,2019-03-15 12:08:05
82/221,2019-03-15 12:08:35
83/222,2019-03-15 12:09:36
83/223,2019-03-15 12:10:06
84/224,2019-03-15 12:10:43
85/225,2019-03-15 12:11:06
85/226,2019-03-15 12:11:36
85/227,2019-03-15 12:12:13
86/228,2019-03-15 12:12:34
86/229,2019-03-15 12:12:59
86/230,2019-03-15 12:13:13
86/231,2019-03-15 12:13:36
87/232,2019-03-15 12:14:03
87/233,2019-03-15 12:15:53
87/234,2019-03-15 12:16:17
87/235,2019-03-15 12:16:51
88/236,2019-03-15 12:17:53
88/237,2019-03-15 12:18:35
89/238,2019-03-15 12:19:11
89/239,2019-03-15 12:19:39
89/240,2019-03-15 12:20:18
89/241,2019-03-15 12:20:49
89/242,2019-03-15 12:21:09
90/243,2019-03-15 12:21:37
90/244,2019-03-15 12:22:57
90/245,2019-03-15 12:23:28
91/246,2019-03-15 12:24:03
91/247,2019-03-15 12:24:17
92/248,2019-03-15 12:25:57
92/249,2019-03-15 12:27:11
93/250,2019-03-15 12:27:42
93/251,2019-03-15 12:28:03
94/252,2019-03-15 12:29:06
95/253,2019-03-15 12:29:41
95/254,2019-03-15 12:30:08
95/255,2019-03-15 12:30:48
95/256,2019-03-15 12:31:30
95/257,2019-03-15 12:32:06
95/258,2019-03-15 12:32:52
95/259,2019-03-15 12:33:19
96/260,2019-03-15 12:33:35
97/261,2019-03-15 12:34:24
97/262,2019-03-15 12:35:01
97/263,2019-03-15 12:35:14
98/264,2019-03-15 12:35:32
98/265,2019-03-15 12:36:03
98/266,2019-03-15 12:36:19
99/267,2019-03-15 12:36:39
99/268,2019-03-15 12:37:15
99/269,2019-03-15 12:37:50
99/270,2019-03-15 12:38:30
99/271,2019-03-15 12:39:04
99/272,2019-03-15 12:39:34
100/273,2019-03-15 12:40:00
101/274,2019-03-15 12:40:33
End,2019-03-15 12:40:53
